COD,SETOR,PRECO_ATUAL,LIQUIDEZ_DIARIA,DIVIDENDO,DIVIDEND_YIELD,DY_3M_ACUM,DY_6M_ACUM,DY_12M_ACUM,DY_3M_MEDIA,DY_6M_MEDIA,DY_12M_MEDIA,DY_ANO,VARIACAO_PRECO,RENTAB_PERIODO,RENTAB_ACUM,PATRIMONIO_LIQ,VPA,P_VPA,DY_PATRIMONIAL,VARIACAO_PATRIMONIAL,RENTAB_PATR_NO_PERIODO,RENTAB_PATR_ACUM,VACANCIA_FISICA,VACANCIA_FINANCEIRA,QUANTIDADE_ATIVOS
FIVN11,Shoppings,"3,00",9151,"0,00","0,00","0,00","0,00","0,00","0,00","0,00","0,00",N/A,"0,00","0,00","0,00"," 72.350.178,26"," 7,69","0,39",N/A,N/A,N/A,N/A,"56,00",N/A,1
BZLI11,Títulos e Val. Mob.,"19,78",514,"0,00","0,00","0,00","0,00","0,00","0,00","0,00","0,00","0,00","0,68","0,68","1,14"," 448.330.841,12"," 10,77","1,84",N/A,N/A,N/A,N/A,N/A,N/A,0
XTED11,Lajes Corporativas,"8,82",2223,"0,00","0,00","0,00","0,00","0,00","0,00","0,00","0,00","0,00","1,10","1,10","-37,83"," 27.688.895,17"," 13,26","0,67",N/A,N/A,N/A,N/A,"0,00","100,00",1
ALMI11,Lajes Corporativas,"790,07",6,"0,00","0,00","0,00","0,00","0,00","0,00","0,00","0,00","0,00","2,27","2,27","-28,29"," 224.603.756,71"," 2.020,24","0,39",N/A,N/A,N/A,N/A,"64,05",N/A,1
PABY11,Híbrido,"12,17",602,"0,00","0,00","0,00","0,00","0,00","0,00","0,00","0,00","0,00","-19,84","-19,84","-31,62"," -12.536.949,41"," -16,53","-0,74",N/A,N/A,N/A,N/A,N/A,N/A,1
ORPD11,Títulos e Val. Mob.,"11,00",5,"1,38",N/A,N/A,N/A,N/A,N/A,N/A,N/A,N/A,N/A,N/A,N/A," 42.852.349,31"," 147,77","0,07",N/A,N/A,N/A,N/A,N/A,N/A,0
GSFI11,Shoppings,"5,20",4279,"0,00","0,03","0,03","0,03","0,03","0,01","0,00","0,00","0,03","0,00","0,03","0,03"," 1.063.395.611,96"," 14,14","0,37",N/A,N/A,N/A,N/A,"10,30",N/A,10
PRSV11,Lajes Corporativas,"100,00",9,"1,62","0,42","1,53","2,91","5,95","0,51","0,48","0,50","4,46","5,30","5,74","-11,25"," 42.481.619,24"," 217,85","0,46",N/A,N/A,N/A,N/A,"40,90",N/A,2
FAMB11B,Lajes Corporativas,"760,00",16,"9,16","0,56","2,17","4,78","10,43","0,72","0,80","0,87","8,82","-47,80","-47,51","-47,80"," 313.538.497,89"," 2.991,78","0,25",N/A,N/A,N/A,N/A,"100,00",N/A,1
FMOF11,Lajes Corporativas,"51,00",3,"0,64",N/A,N/A,N/A,N/A,N/A,N/A,N/A,N/A,N/A,N/A,N/A," 60.304.980,45"," 118,71","0,43",N/A,N/A,N/A,N/A,"52,08",N/A,1
HGRS11,Residencial,N/A,N/A,"0,00","0,00","0,00","0,00","0,00","0,00","0,00","0,00",N/A,"0,00","0,00","0,00"," 150.566.061,91"," 100,85",N/A,N/A,N/A,N/A,N/A,N/A,N/A,0
RBDS11,Residencial,"3,48",2,"0,00","0,00","0,00","0,00","0,00","0,00","0,00","0,00","0,00","0,00","0,00","0,00"," 2.519.048,96"," 19,91","0,17",N/A,N/A,N/A,N/A,N/A,N/A,0
VXXV11,Outros,"1.001,00",132,"10,76",N/A,N/A,N/A,N/A,N/A,N/A,N/A,N/A,N/A,N/A,N/A," 261.846.981,83"," 987,05","1,01",N/A,N/A,N/A,N/A,N/A,N/A,0
HRDF11,Híbrido,"0,89",579,"6,80",N/A,N/A,N/A,N/A,N/A,N/A,N/A,N/A,N/A,N/A,N/A," 8.627.784,08"," 1,14","0,78",N/A,N/A,N/A,N/A,N/A,N/A,0
CJCT11,Lajes Corporativas,"64,44",4,"0,00",N/A,N/A,N/A,N/A,N/A,N/A,N/A,N/A,N/A,N/A,N/A," 206.016.802,32"," 65,61","0,98",N/A,N/A,N/A,N/A,"59,00",N/A,1
CTXT11,Lajes Corporativas,"10,91",23,"0,09","0,39","0,78","1,36","5,53","0,26","0,23","0,46","1,36","-2,58","-2,20","-39,31"," 107.663.274,28"," 34,12","0,32",N/A,N/A,N/A,N/A,"97,00",N/A,1
SRVD11,Títulos e Val. Mob.,"7,07",5,"0,10","1,01","0,00","0,00","0,00","0,00","0,00","0,00","1,01","0,00","1,01","1,01"," 71.199.942,45"," 0,74","9,56",N/A,N/A,N/A,N/A,N/A,N/A,0
CARE11,Híbrido,"1,98",25835,"0,00","0,23","0,66","1,36","1,60","0,22","0,23","0,13","1,36","-2,63","-2,41","5,65"," 290.742.466,56"," 8,13","0,24",N/A,N/A,N/A,N/A,N/A,N/A,0
RBGS11,Shoppings,"28,45",5157,"0,18","0,62","1,59","2,73","5,12","0,53","0,46","0,43","5,12","-1,90","-1,29","-28,71"," 97.865.283,71"," 90,78","0,31","0,18","0,00","0,18","1,17","13,00",N/A,1
IBFF11,Títulos e Val. Mob.,"66,40",1924,"0,30","0,44","2,01","4,58","9,52","0,67","0,76","0,79","5,42","7,50","7,98","19,59"," 9.855.905,16"," 14,78","4,49",N/A,N/A,N/A,N/A,N/A,N/A,0
YUFI11B,Residencial,N/A,N/A,"0,63","0,00","0,00","0,00","0,00","0,00","0,00","0,00",N/A,"0,00","0,00","0,00"," 50.324.959,86"," 102,15",N/A,N/A,N/A,N/A,N/A,N/A,N/A,0
CORM11,Híbrido,"99,42",2027,"0,77","0,90","2,76","5,35","11,38","0,92","0,89","0,95","6,20","-2,97","-2,10","-4,27"," 85.655.510,06"," 84,20","1,18",N/A,N/A,N/A,N/A,N/A,N/A,0
BLCP11,Outros,"91,00",123,"0,56","0,62","1,72","3,46","6,64","0,57","0,58","0,55","5,31","-0,54","0,08","19,93"," 256.580.339,90"," 111,74","0,81","0,50","-0,02","0,49","15,81","6,20",N/A,2
VVPR11,Híbrido,"101,50",2211,"0,89","0,88","2,47","4,88","9,73","0,82","0,81","0,81","6,57","2,01","2,91","15,95"," 226.032.234,18"," 98,03","1,04",N/A,N/A,N/A,N/A,"0,00",N/A,6
BTCR11,Títulos e Val. Mob.,"88,00",6663,"0,90","1,00","2,93","6,64","13,56","0,98","1,11","1,13","11,59","-6,19","-5,26","9,82"," 458.252.683,73"," 95,27","0,92","0,94","0,64","1,59","4,62",N/A,N/A,0
KNRE11,Residencial,"0,66",7333,"0,04","6,74","0,00","0,00","0,00","0,00","0,00","0,00","6,74","0,00","6,74","6,74"," 14.209.218,79"," 0,77","0,86",N/A,N/A,N/A,N/A,N/A,N/A,0
FEXC11,Títulos e Val. Mob.,"83,50",9153,"0,95","0,00","0,00","0,00","0,00","0,00","0,00","0,00",N/A,"0,00","0,00","6,46"," 1.001.470.167,13"," 90,57","0,92",N/A,N/A,N/A,N/A,N/A,N/A,0
ARCT11,Híbrido,"87,13",6496,"0,39","0,44","2,13","4,81","13,92","0,71","0,80","1,16","13,92","-0,42","0,03","-7,05"," 369.956.160,07"," 99,77","0,87","0,76","0,04","0,80","6,31",N/A,N/A,4
TORD11,Outros,"3,80",88633,"0,05","0,93","2,57","5,12","11,45","0,86","0,85","0,95","0,93","0,00","0,93","0,93"," 488.775.081,25"," 13,94","0,27",N/A,N/A,N/A,N/A,N/A,N/A,0
QIRI11,Títulos e Val. Mob.,"78,04",39,"89,64","114,86","116,71","119,51","123,94","38,90","19,92","10,33","121,86","1,48","118,05","99,75"," 13.441.852,95"," 89,61","0,87",N/A,N/A,N/A,N/A,N/A,N/A,0
KEVE11,Residencial,"999,98",127,"3,05","0,32","0,00","0,00","0,00","0,00","0,00","0,00","0,32","0,00","0,32","0,32"," 137.045.922,68"," 927,86","1,08",N/A,N/A,N/A,N/A,N/A,N/A,0
SCPF11,Shoppings,"5,00",477,"0,05","0,91","1,85","2,52","3,98","0,62","0,42","0,33","0,91","0,00","0,91","0,91"," 49.228.205,74"," 11,72","0,43","0,28","-0,06","0,22","0,62","29,30",N/A,1
BRIP11,Híbrido,"950,00",1,"107,00","0,00","0,00","0,00","0,00","0,00","0,00","0,00",N/A,"0,00","0,00","0,00"," 200.861.287,45"," 972,82","0,98",N/A,N/A,N/A,N/A,N/A,N/A,0
SNLG11,Logística,"35,79",514,"0,35","0,91","2,67","4,62","11,75","0,89","0,77","0,98","0,91","0,00","0,91","0,91"," 116.088.485,68"," 61,48","0,58",N/A,N/A,N/A,N/A,"0,00",N/A,3
BPML11,Shoppings,"59,00",104,"0,27","0,46","1,37","2,49","5,26","0,46","0,42","0,44","0,46","0,00","0,46","0,46"," 537.073.355,75"," 124,75","0,47",N/A,N/A,N/A,N/A,"5,80",N/A,7
KINP11,Residencial,"9,82",9168,"0,20","1,91","7,09","12,94","26,25","2,36","2,16","2,19","5,02","14,11","16,29","19,90"," 26.446.258,37"," 3,70","2,65","5,29","-7,52","-2,62","4,19",N/A,N/A,0
ATSA11,Shoppings,"70,00",1,"0,05","0,07","0,20","0,39","1,69","0,07","0,06","0,14","0,13","0,00","0,07","0,13"," 142.833.371,11"," 81,57","0,86","0,06","0,02","0,08","0,14","21,90",N/A,1
RELG11,Híbrido,"51,04",2924,"0,70","0,99","3,07","5,54","12,28","1,02","0,92","1,02","1,98","0,40","1,39","2,40"," 162.376.442,81"," 121,67","0,42","0,58","-0,19","0,39","0,96","10,40","10,40",3
VGIA11,Títulos e Val. Mob.,"9,87",301745,"0,14","1,43","4,47","8,75","17,80","1,49","1,46","1,48","2,96","0,41","1,84","3,40"," 696.376.367,76"," 9,53","1,04","1,47","0,13","1,60","8,14",N/A,N/A,0
CPTR11,,"96,22",11008,"1,35","1,39","4,38","5,79","0,00","1,46","0,96","0,00","2,89","0,07","1,46","2,98"," 408.344.526,08"," 98,68","0,98","1,42","0,00","1,42","1,42",N/A,N/A,0
CPTS11,Títulos e Val. Mob.,"76,45",91297,"0,76","1,00","2,72","5,26","12,39","0,91","0,88","1,03","1,98","-0,24","0,76","1,75"," 2.858.127.870,96"," 89,93","0,85","0,41","-1,83","-1,42","1,66",N/A,N/A,0
MCHF11,Títulos e Val. Mob.,"8,53",73695,"0,10","1,14","3,40","7,06","14,07","1,13","1,18","1,17","2,30","1,50","2,66","3,85"," 302.861.569,80"," 9,37","0,91","1,17","-1,49","-0,33","0,21",N/A,N/A,0
VGIR11,Títulos e Val. Mob.,"9,45",242886,"0,12","1,25","3,75","7,68","15,14","1,25","1,28","1,26","2,61","0,21","1,46","2,84"," 993.272.195,20"," 9,62","0,98","1,35","-0,20","1,15","-89,14",N/A,N/A,0
MORE11,Títulos e Val. Mob.,"59,95",3617,"0,60","0,98","2,91","5,45","11,63","0,97","0,91","0,97","2,07","0,64","1,63","2,74"," 193.189.471,08"," 83,30","0,72","0,72","-5,04","-4,36","-2,74",N/A,N/A,0
MGHT11,Hotel,"59,20",778,"0,80","1,31","3,82","7,05","13,87","1,27","1,17","1,16","2,67","4,00","5,36","6,80"," 112.466.978,44"," 85,61","0,69","0,76","-0,45","0,30","-6,08",N/A,N/A,0
TRNT11,Lajes Corporativas,"100,01",1,"0,47","0,44","1,03","1,96","4,03","0,34","0,33","0,34","0,76","-14,31","-13,93","-13,66"," 774.860.922,43"," 196,89","0,51",N/A,N/A,N/A,N/A,"49,90",N/A,1
VGIP11,Outros,"79,52",14638,"0,87","1,06","3,02","4,57","12,83","1,01","0,76","1,07","2,05","1,36","2,44","3,45"," 1.068.757.358,59"," 90,67","0,88","0,50","-1,78","-1,29","8,00",N/A,N/A,0
MCCI11,Títulos e Val. Mob.,"88,00",26067,"0,95","1,13","3,52","7,00","13,49","1,17","1,17","1,12","2,25","-0,84","0,28","1,41"," 1.348.562.788,74"," 92,40","0,95","1,19","-2,01","-0,85","3,25",N/A,N/A,0
GCRI11,Títulos e Val. Mob.,"90,00",81,"1,10","1,21","3,63","7,13","15,63","1,21","1,19","1,30","2,44","1,05","2,28","3,53"," 112.371.669,04"," 94,37","0,95",N/A,N/A,N/A,N/A,N/A,N/A,0
HCRI11,Hospital,"231,11",37,"2,69","1,12","3,75","6,83","11,44","1,25","1,14","0,95","2,22","5,19","6,37","7,54"," 61.592.370,00"," 307,96","0,75",N/A,N/A,N/A,N/A,"0,00",N/A,1
NAVT11,Títulos e Val. Mob.,"72,92",33,"0,85","1,19","3,56","6,87","13,74","1,19","1,15","1,15","2,39","0,51","1,70","2,92"," 94.740.518,92"," 89,84","0,81","0,95","-3,92","-3,02","0,49",N/A,N/A,0
MGCR11,Títulos e Val. Mob.,"79,18",1507,"0,86","1,09","3,31","6,85","15,21","1,10","1,14","1,27","2,19","0,68","1,78","2,90"," 127.904.113,96"," 89,93","0,88","1,00","-2,99","-2,02","4,14",N/A,N/A,0
BRLA11,Híbrido,"150,00",122,"1,09","0,79","2,31","14,97","18,65","0,77","2,49","1,55","1,55","-2,90","-2,14","-1,39"," 426.827.499,46"," 157,77","0,95","0,69","0,04","0,74","-8,63",N/A,N/A,0
OURE11,Títulos e Val. Mob.,"73,87",1244,"0,95","1,28","3,83","7,63","15,49","1,28","1,27","1,29","2,62","0,30","1,58","2,95"," 97.391.495,28"," 90,42","0,82","1,05","-0,11","0,94","2,06",N/A,N/A,0
RECX11,Outros,"65,50",33,"0,70","1,08","3,02","6,04","11,73","1,01","1,01","0,98","2,17","0,86","1,95","3,05"," 17.059.567,76"," 78,14","0,84",N/A,N/A,N/A,N/A,N/A,N/A,0
OUFF11,Títulos e Val. Mob.,"60,37",2784,"0,70","1,14","3,34","6,52","13,25","1,11","1,09","1,10","2,25","-1,88","-0,76","0,34"," 131.794.527,70"," 72,64","0,83","0,96","-1,46","-0,51","0,43",N/A,N/A,0
GCFF11,Títulos e Val. Mob.,"65,00",266,"0,75","1,11","3,14","6,17","12,52","1,05","1,03","1,04","2,12","-1,96","-0,87","0,14"," 26.903.483,90"," 79,46","0,82","0,88","0,00","0,88","0,88",N/A,N/A,0
WTSP11B,Híbrido,"34,90",1,"0,23","0,62","1,95","4,48","7,60","0,65","0,75","0,63","1,19","6,02","6,68","7,29"," 71.895.390,14"," 72,43","0,48","0,32","-0,05","0,27","0,54",N/A,N/A,0
AFHI11,Títulos e Val. Mob.,"92,80",3753,"1,06","1,12","3,27","6,30","14,24","1,09","1,05","1,19","2,24","0,57","1,70","2,84"," 286.309.475,82"," 94,82","0,98","1,01","-0,94","0,06","5,00",N/A,N/A,0
OULG11,Outros,"35,89",1254,"0,41","1,07","3,07","4,21","8,98","1,02","0,70","0,75","2,12","-3,20","-2,16","-1,14"," 166.543.855,37"," 67,12","0,53","0,61","-0,14","0,47","1,08","0,00",N/A,2
SNID11,Renda,"101,00",1023,"0,04","0,04","0,00","0,00","0,00","0,00","0,00","0,00","0,04","0,00","0,04","0,04",N/A,N/A,N/A,N/A,N/A,N/A,N/A,N/A,N/A,0
MCHY11,Títulos e Val. Mob.,"110,87",49,"1,40","1,27","3,82","9,69","17,33","1,27","1,61","1,44","2,55","0,00","1,27","2,56"," 357.847.552,23"," 99,69","1,11","3,41","-3,72","-0,43","9,03",N/A,N/A,0
NCRA11,,"10,41",16641,"0,15","1,44","5,66","6,92","0,00","1,89","1,15","0,00","2,84","-88,74","-88,58","-88,42",N/A,N/A,N/A,N/A,N/A,N/A,N/A,N/A,N/A,0
SNCI11,Títulos e Val. Mob.,"93,98",6418,"1,00","1,04","3,08","6,07","13,65","1,03","1,01","1,14","2,07","-0,91","0,12","1,15"," 408.717.519,54"," 97,31","0,97","1,03","-0,94","0,08","8,67",N/A,N/A,0
SNFF11,Títulos e Val. Mob.,"82,65",1982,"0,65","0,77","2,43","5,33","10,53","0,81","0,89","0,88","1,52","-3,47","-2,72","-2,00"," 251.391.286,35"," 88,83","0,93","1,46","-4,82","-3,43","1,12",N/A,N/A,0
MATV11,Títulos e Val. Mob.,"77,00",2,"0,60","0,74","3,18","5,84","13,27","1,06","0,97","1,11","1,98","0,01","0,75","2,00"," 39.226.174,04"," 92,09","0,84","0,87","-1,34","-0,49","-0,81",N/A,N/A,0
BLMC11,Outros,"72,79",117,"0,87","1,18","3,28","5,87","13,56","1,09","0,98","1,13","2,26","-1,97","-0,81","0,26"," 38.382.613,19"," 96,08","0,76","0,84","0,00","0,84","0,84",N/A,N/A,0
BTLG11,Logística,"94,19",39025,"0,74","0,79","2,35","4,59","8,99","0,78","0,77","0,75","1,58","0,53","1,32","2,12"," 2.089.628.167,96"," 99,19","0,95","0,75","0,09","0,84","4,82",N/A,"2,00",16
RZAK11,Títulos e Val. Mob.,"91,21",20674,"1,20","1,30","3,98","8,38","18,11","1,33","1,40","1,51","2,52","-6,43","-5,21","-4,05"," 360.999.586,28"," 92,64","0,98","1,62","-0,41","1,20","7,90",N/A,N/A,0
ALZM11,Títulos e Val. Mob.,"83,60",1483,"0,85","1,01","2,11","3,29","10,40","0,70","0,55","0,87","2,11","5,63","6,70","7,87"," 66.447.316,94"," 96,13","0,87",N/A,N/A,N/A,N/A,N/A,N/A,0
XPML11,Shoppings,"99,09",34992,"0,78","0,81","2,51","4,80","8,99","0,84","0,80","0,75","1,60","-0,67","0,13","0,93"," 2.113.025.649,90"," 99,14","1,00","0,81","-5,35","-4,58","-4,58","3,90",N/A,16
MORC11,Títulos e Val. Mob.,"87,55",1923,"1,10","1,20","3,53","7,08","15,58","1,18","1,18","1,30","2,38","-4,88","-3,74","-2,60"," 125.287.392,96"," 96,98","0,90","1,13","-0,73","0,40","3,30",N/A,N/A,0
EQIR11,Títulos e Val. Mob.,"8,97",224,"0,11","1,24","3,60","7,03","23,99","1,20","1,17","2,00","2,47","-0,11","1,12","2,37"," 49.065.462,53"," 9,76","0,92",N/A,N/A,N/A,N/A,N/A,N/A,0
ALZR11,Logística,"113,60",10464,"0,82","0,74","2,15","4,16","12,35","0,72","0,69","1,03","1,46","0,09","0,83","1,56"," 740.337.456,78"," 106,94","1,06","0,68","-0,03","0,65","7,26","0,00",N/A,15
BTAL11,Outros,"88,30",6374,"0,83","0,97","2,77","5,41","10,52","0,92","0,90","0,88","1,90","-3,45","-2,52","-1,61"," 633.527.504,16"," 105,89","0,83","0,78","-0,43","0,35","8,41",N/A,N/A,7
FCFL11,Outros,"101,99",11842,"0,81","0,80","2,20","4,17","8,53","0,73","0,70","0,71","1,52","-9,62","-8,89","-8,24"," 403.561.990,48"," 116,17","0,88","0,69","0,00","0,69","0,69","0,00",N/A,1
XPIN11,Outros,"69,85",5883,"0,65","0,94","2,74","5,25","10,01","0,91","0,87","0,83","1,86","-2,24","-1,32","-0,41"," 741.738.206,50"," 103,73","0,67","0,63","0,23","0,86","1,49","17,30","12,00",5
CCRF11,Títulos e Val. Mob.,"80,02",117,"0,50","0,63","2,78","4,81","12,03","0,93","0,80","1,00","2,23","-8,80","-8,22","-6,75"," 149.178.347,27"," 94,90","0,84","1,45","0,00","1,45","1,45",N/A,N/A,0
ERCR11,Híbrido,"76.000,00",1,"1.205,12","0,00","0,00","0,00","0,00","0,00","0,00","0,00",N/A,"0,00","0,00","0,00"," 154.744.932,02"," 65.128,34","1,17","1,76","0,00","1,76","1,76",N/A,N/A,0
LFTT11,Residencial,"68,20",28,"1,32","1,94","17,80","0,00","0,00","5,93","0,00","0,00","17,80","-7,69","-5,90","9,64"," 283.216.343,77"," 38,25","1,78","13,37","0,00","13,37","13,37",N/A,N/A,0
CNES11,Lajes Corporativas,"29,61",13,"0,11","0,39","1,36","2,43","4,07","0,45","0,40","0,34","0,79","-7,03","-6,67","-6,29"," 263.957.120,08"," 89,50","0,33","0,12","2,57","2,70","4,26","56,70",N/A,1
JURO11,Renda,"99,44",11841,"0,50","0,00","0,00","0,00","0,00","0,00","0,00","0,00",N/A,"0,00","0,00","0,00",N/A,N/A,N/A,N/A,N/A,N/A,N/A,N/A,N/A,0
BTRA11,Outros,"85,72",3363,"0,95","1,13","3,31","6,25","11,36","1,10","1,04","0,95","2,25","0,08","1,21","2,35"," 466.641.228,30"," 138,69","0,62","0,68","0,00","0,68","0,68",N/A,N/A,0
BDIF11,Renda,"82,50",19813,"1,00","0,00","0,00","0,00","0,00","0,00","0,00","0,00",N/A,"0,00","0,00","0,00",N/A,N/A,N/A,N/A,N/A,N/A,N/A,N/A,N/A,0
EDGA11,Lajes Corporativas,"19,27",1231,"0,13","0,65","1,87","4,11","8,24","0,62","0,69","0,69","1,27","-4,26","-3,64","-3,04"," 233.668.180,11"," 61,30","0,31","0,21","0,00","0,21","0,21","48,81",N/A,1
BTSI11,Híbrido,N/A,N/A,"0,72","0,00","0,00","0,00","0,00","0,00","0,00","0,00",N/A,"0,00","0,00","0,00"," 195.024.485,24"," 104,29",N/A,"0,69","0,31","1,00","1,69",N/A,N/A,0
RBHG11,Títulos e Val. Mob.,"80,34",1119,"1,05","1,28","3,72","7,53","16,12","1,24","1,25","1,34","3,72","-1,78","-0,53","1,59"," 159.894.026,18"," 92,55","0,87","1,13","0,04","1,17","2,27",N/A,N/A,0
LUGG11,Residencial,"71,50",339,"0,58","0,82","2,35","4,45","8,60","0,78","0,74","0,72","2,35","-4,02","-3,23","-3,40"," 132.936.011,23"," 117,57","0,61","0,49","-0,58","-0,09","0,37","2,40",N/A,4
SADI11,Títulos e Val. Mob.,"83,98",2273,"1,03","1,17","3,52","6,98","13,95","1,17","1,16","1,16","3,52","-3,01","-1,87","-1,21"," 310.851.649,88"," 97,75","0,86","1,09","-0,90","0,19","1,27",N/A,N/A,0
HUSI11,Hospital,"1.137,61",1,"8,06","0,71","2,30","4,29","0,00","0,77","0,71","0,00","2,94","0,00","0,71","1,65"," 129.222.278,01"," 1.110,52","1,02","0,70","11,72","12,51","13,35",N/A,N/A,0
BODB11,Renda,"9,70",8938,"0,11","1,12","1,12","0,00","0,00","0,37","0,00","0,00","1,12","0,00","1,12","1,12",N/A,N/A,N/A,N/A,N/A,N/A,N/A,N/A,N/A,0
CXTL11,Logística,"330,00",48,"1,70","0,41","1,19","2,03","3,37","0,40","0,34","0,28","1,19","-0,24","0,17","6,46"," 24.904.843,11"," 464,67","0,71","0,36","-2,29","-1,94","-1,63","61,00",N/A,3
RRCI11,Títulos e Val. Mob.,"77,83",3488,"1,00","1,25","3,54","6,80","15,27","1,18","1,13","1,27","3,54","-4,92","-3,73","-4,18"," 43.829.740,47"," 90,98","0,86","1,15","0,30","1,46","2,47",N/A,N/A,0
MFAI11,Híbrido,"55,93",15,"0,31","0,55","2,55","5,40","10,26","0,85","0,90","0,86","2,55","-0,96","-0,42","-0,12"," 20.905.527,77"," 66,14","0,85","0,86","-2,96","-2,12","-2,12",N/A,N/A,0
CPTI11,Renda,"93,95",7551,"0,90","0,96","0,96","0,00","0,00","0,32","0,00","0,00","0,96","0,00","0,96","0,96",N/A,N/A,N/A,N/A,N/A,N/A,N/A,N/A,N/A,0
BIDB11,Renda,"87,71",249,"1,30","1,49","1,49","0,00","0,00","0,50","0,00","0,00","1,49","0,00","1,49","1,49",N/A,N/A,N/A,N/A,N/A,N/A,N/A,N/A,N/A,0
IFRA11,Renda,"93,91",10313,"0,87","0,91","0,91","0,00","0,00","0,30","0,00","0,00","0,91","0,00","0,91","0,91",N/A,N/A,N/A,N/A,N/A,N/A,N/A,N/A,N/A,0
KDIF11,Renda,"125,21",9986,"1,45","1,15","1,15","0,00","0,00","0,38","0,00","0,00","1,15","0,00","1,15","1,15",N/A,N/A,N/A,N/A,N/A,N/A,N/A,N/A,N/A,0
HABT11,Títulos e Val. Mob.,"82,46",17555,"1,25","1,45","4,12","7,43","14,72","1,37","1,24","1,23","4,12","-1,63","-0,21","-1,38"," 803.311.542,03"," 98,85","0,83","1,21","-0,91","0,30","1,48",N/A,N/A,0
ARRI11,Títulos e Val. Mob.,"8,10",24865,"0,11","1,24","3,38","7,41","15,56","1,13","1,23","1,30","3,38","-4,73","-3,55","-2,74"," 108.250.162,27"," 8,85","0,92","1,47","0,00","1,47","1,47",N/A,N/A,0
XPID11,Renda,"82,70",6214,"0,45","0,53","0,53","0,00","0,00","0,18","0,00","0,00","0,53","0,00","0,53","0,53",N/A,N/A,N/A,N/A,N/A,N/A,N/A,N/A,N/A,0
EDFO11B,Lajes Corporativas,"189,99",1,"1,73","0,87","2,56","5,06","9,93","0,85","0,84","0,83","2,56","-1,00","-0,14","2,07"," 42.631.813,36"," 180,64","1,05","0,92","0,00","0,93","1,88","7,10",N/A,1
BCIA11,Títulos e Val. Mob.,"82,80",2179,"0,78","0,97","2,83","5,45","10,58","0,94","0,91","0,88","2,83","-1,54","-0,59","-0,55"," 357.768.939,49"," 96,20","0,86","0,81","-0,75","0,06","1,04",N/A,N/A,0
RBHY11,Títulos e Val. Mob.,"90,65",652,"1,20","1,30","3,79","7,57","16,11","1,26","1,26","1,34","3,79","-3,17","-1,92","-0,99"," 179.038.304,88"," 94,55","0,96","1,27","-0,15","1,12","2,40",N/A,N/A,0
VJFD11,Híbrido,N/A,N/A,"1,02","0,00","0,00","0,00","0,00","0,00","0,00","0,00",N/A,"0,00","0,00","0,00"," 664.050.967,13"," 136,18",N/A,"0,75","0,06","0,81","1,57",N/A,N/A,0
BTWR11,Lajes Corporativas,"107,00",4,"0,47","0,44","0,81","1,61","3,75","0,27","0,27","0,31","0,81","0,00","0,44","0,81"," 90.453.571,91"," 111,77","0,96","0,36","0,20","0,56","0,89","12,00",N/A,1
RFOF11,Títulos e Val. Mob.,"64,30",1262,"0,70","1,05","3,09","6,04","11,71","1,03","1,01","0,98","3,09","-0,49","0,55","-1,20"," 82.490.618,94"," 76,51","0,84","0,91","-1,27","-0,37","0,53",N/A,N/A,0
RMAI11,Lajes Corporativas,"45,80",36,"0,26","0,55","1,58","3,15","7,40","0,53","0,52","0,62","1,58","-4,08","-3,55","-8,16"," 244.171.283,76"," 99,91","0,46","0,26","-7,33","-7,09","-6,87","23,44",N/A,1
ZAVI11,Híbrido,"126,00",7,"1,10","0,87","0,87","0,00","0,00","0,29","0,00","0,00","0,87","0,00","0,87","0,87"," 117.967.877,24"," 127,32","0,99","0,82","0,00","0,82","0,82",N/A,N/A,0
SPTW11,Lajes Corporativas,"38,24",1859,"0,42","1,09","3,20","6,20","11,76","1,07","1,03","0,98","3,20","-1,15","-0,08","-1,63"," 100.393.129,85"," 55,84","0,68","0,75","0,09","0,85","1,60","0,00",N/A,1
VIUR11,Títulos e Val. Mob.,"6,35",65928,"0,07","1,19","3,33","6,13","11,88","1,11","1,02","0,99","3,33","-7,23","-6,12","-11,34"," 246.170.038,89"," 9,14","0,70","0,79","-0,35","0,44","1,82","0,00",N/A,6
JRDM11,Shoppings,"77,50",1241,"0,59","0,72","2,21","4,36","8,01","0,74","0,73","0,67","0,72","0,00","0,72","0,72"," 223.490.739,85"," 88,58","0,87","1,29","-0,78","0,50","0,50","2,77",N/A,1
HLOG11,Logística,"81,49",301,"0,65","0,78","2,31","4,42","8,71","0,77","0,74","0,73","2,31","-1,52","-0,75","-1,74"," 493.289.241,38"," 116,07","0,70","0,56","-0,25","0,30","0,86","58,00","0,00",3
JFLL11,Residencial,"60,24",245,"0,63","1,09","3,17","6,01","11,16","1,06","1,00","0,93","3,17","-3,27","-2,22","1,47"," 151.570.078,64"," 101,01","0,60","0,61","-0,02","0,59","1,21","28,00",N/A,2
BBRC11,Outros,"92,70",1341,"0,99","1,07","3,15","6,16","12,02","1,05","1,03","1,00","3,15","-2,50","-1,46","-0,25"," 171.565.036,46"," 107,90","0,86","0,92","0,06","0,98","1,91","5,37","1,08",20
HGAG11,,"35,91",175,"0,51","1,50","4,81","301,86","0,00","1,60","50,31","0,00","4,81","17,04","18,80","34,07",N/A,N/A,N/A,N/A,N/A,N/A,N/A,N/A,N/A,0
BCRI11,Títulos e Val. Mob.,"68,56",20096,"0,86","1,17","3,02","6,12","13,52","1,01","1,02","1,13","3,02","-22,58","-21,67","-23,80"," 628.242.141,38"," 100,39","0,68","0,80","0,01","0,81","1,81",N/A,N/A,0
BPFF11,Títulos e Val. Mob.,"58,12",2296,"0,62","1,08","3,04","5,87","12,41","1,01","0,98","1,03","3,04","-6,18","-5,17","-8,27"," 322.269.846,68"," 71,74","0,81","0,86","0,00","0,86","0,86",N/A,N/A,0
PLCR11,Híbrido,"82,60",2866,"1,00","1,21","3,57","7,19","15,16","1,19","1,20","1,26","3,57","-1,61","-0,43","1,60"," 191.604.396,10"," 90,84","0,91","1,10","-1,64","-0,56","9,06",N/A,N/A,0
SPVJ11,Outros,N/A,N/A,"0,70","0,00","0,00","0,00","0,00","0,00","0,00","0,00",N/A,"0,00","0,00","0,00"," 733.542.910,43"," 116,21",N/A,"0,58","-0,04","0,54","1,12",N/A,N/A,0
MALL11,Shoppings,"99,00",9691,"0,78","0,79","2,35","4,54","8,87","0,78","0,76","0,74","2,35","0,03","0,82","-2,41"," 1.094.178.737,27"," 119,91","0,83",N/A,N/A,N/A,N/A,"4,00",N/A,8
PVBI11,Lajes Corporativas,"91,85",16663,"0,61","0,69","2,12","3,95","7,52","0,71","0,66","0,63","2,12","3,56","4,27","6,70"," 1.040.547.991,88"," 103,65","0,89","0,55","4,63","5,20","8,21","0,10",N/A,4
STRX11,Híbrido,"22,96",318,"0,72","0,00","0,00","0,00","0,00","0,00","0,00","0,00",N/A,"0,00","0,00","0,00"," 264.467.459,77"," 163,90","0,14","0,44","10,60","11,09","12,25",N/A,N/A,0
RNGO11,Lajes Corporativas,"48,39",292,"0,43","0,91","2,72","5,38","10,41","0,91","0,90","0,87","2,72","0,64","1,55","2,84"," 231.610.634,93"," 86,55","0,56","0,50","-0,05","0,45","0,95","24,10",N/A,3
RURA11,,"10,20",63688,"0,09","0,86","2,86","5,28","0,00","0,95","0,88","0,00","2,86","0,00","0,86","3,77",N/A,N/A,N/A,N/A,N/A,N/A,N/A,N/A,N/A,0
CACR11,Híbrido,"103,40",1149,"1,44","1,39","4,08","8,35","15,98","1,36","1,39","1,33","4,08","-2,33","-0,97","4,68"," 189.161.169,77"," 104,66","0,99","1,38","0,83","2,21","3,59",N/A,N/A,0
FPAB11,Lajes Corporativas,"126,00",199,"0,95","0,70","3,03","5,89","10,51","1,01","0,98","0,88","3,03","0,74","1,44","2,31"," 281.634.402,75"," 375,51","0,34","0,40","0,08","0,49","0,93","33,79",N/A,1
RBVA11,Outros,"90,83",5037,"0,95","1,05","3,09","6,52","12,91","1,03","1,09","1,08","3,09","-1,55","-0,51","-1,28"," 1.254.417.067,10"," 108,25","0,84","0,89","-0,03","0,86","1,76","0,70",N/A,72
CXAG11,Outros,"75,61",1192,"0,75","0,97","2,91","6,05","12,03","0,97","1,01","1,00","2,91","-0,90","0,06","2,26"," 239.776.557,58"," 114,69","0,66","0,65","0,00","0,65","0,65",N/A,N/A,0
XPHT11,Hotel,"105,63",528,"1,10","1,11","3,28","7,58","10,81","1,09","1,26","0,90","3,28","-5,61","-4,56","-7,75"," 358.486.293,56"," 94,22","1,12",N/A,N/A,N/A,N/A,"64,90",N/A,5
XPLG11,Logística,"94,34",29911,"0,74","0,79","2,39","4,58","8,80","0,80","0,76","0,73","2,39","-0,35","0,44","4,94"," 3.079.673.741,20"," 113,64","0,83","0,65","-0,60","0,05","0,70","8,80","1,20",13
RZAG11,Títulos e Val. Mob.,"9,08",238398,"0,11","1,21","3,72","7,32","15,12","1,24","1,22","1,26","3,72","-6,89","-5,76","-2,28"," 647.584.255,41"," 9,52","0,95","1,28","-2,21","-0,96","-0,96",N/A,N/A,0
LASC11,Shoppings,"104,00",22,"0,71","0,68","5,67","8,03","12,28","1,89","1,34","1,02","6,44","1,94","2,63","12,90"," 312.550.406,70"," 106,30","0,98","0,74","0,00","0,74","0,74","2,40",N/A,3
VCRR11,Residencial,"71,20",578,"0,67","0,97","2,87","5,60","10,93","0,96","0,93","0,91","2,87","-0,20","0,76","0,24"," 256.512.077,00"," 128,26","0,56","0,52","0,00","0,52","1,05",N/A,N/A,0
KNHY11,Títulos e Val. Mob.,"96,57",9882,"1,30","1,34","3,83","6,22","12,96","1,28","1,04","1,08","3,83","-1,02","0,31","5,28"," 1.829.695.369,00"," 98,95","0,98","1,09","0,75","1,85","3,23",N/A,N/A,0
NEWL11,Híbrido,"100,80",434,"0,93","0,94","2,80","5,96","12,15","0,93","0,99","1,01","2,80","-1,05","-0,12","2,78"," 245.626.492,10"," 120,81","0,83","0,77","0,59","1,37","2,15","0,00",N/A,2
HSRE11,Híbrido,"103,00",2,"0,63","0,61","1,84","3,70","7,26","0,61","0,62","0,61","1,84","-0,09","0,52","2,35"," 820.516.434,64"," 96,33","1,07","0,65","0,00","0,65","1,89","0,00",N/A,29
RZTR11,Híbrido,"82,11",2651,"0,85","1,06","3,00","6,35","13,63","1,00","1,06","1,14","3,00","-5,02","-4,01","-8,62"," 1.066.113.876,24"," 96,50","0,85","0,88","0,00","0,88","0,88",N/A,N/A,10
BICR11,Títulos e Val. Mob.,"98,59",3,"0,68","0,68","2,21","5,01","9,75","0,74","0,84","0,81","2,21","1,28","1,96","3,89"," 49.727.672,72"," 99,46","0,99","0,72","0,08","0,80","1,61",N/A,N/A,0
VGHF11,Títulos e Val. Mob.,"8,65",192872,"0,10","1,13","3,34","6,35","13,70","1,11","1,06","1,14","3,34","-2,11","-1,00","-0,46"," 663.841.169,83"," 9,11","0,95","1,10","-0,54","0,55","0,55",N/A,N/A,0
LGCP11,Logística,"71,85",4172,"0,60","0,83","2,40","4,64","9,22","0,80","0,77","0,77","2,40","-6,20","-5,42","-5,48"," 280.890.961,70"," 102,78","0,70","0,58","0,01","0,60","1,79","0,50",N/A,5
FIIP11B,Logística,"140,81",293,"1,35","0,98","2,84","5,50","10,50","0,95","0,92","0,88","2,84","-4,44","-3,51","-3,38"," 172.954.872,36"," 186,54","0,75","0,72","0,07","0,79","2,33","0,00",N/A,7
HGRU11,Híbrido,"116,00",22644,"0,85","0,74","2,17","5,13","9,77","0,72","0,85","0,81","2,17","0,96","1,71","-0,69"," 2.275.112.647,43"," 123,60","0,94","0,69","0,67","1,36","2,04","0,00","0,00",17
XPCI11,Outros,"79,83",13246,"0,95","1,17","3,64","6,00","12,73","1,21","1,00","1,06","3,64","1,63","2,82","6,90"," 788.974.768,47"," 90,67","0,88","1,10","-3,16","-2,09","-2,09",N/A,N/A,0
XPCM11,Lajes Corporativas,"12,54",3204,"0,10","0,79","2,28","5,90","11,50","0,76","0,98","0,96","2,28","-14,05","-13,37","-28,03"," 104.359.429,79"," 43,22","0,29",N/A,N/A,N/A,N/A,"100,00",N/A,1
XPPR11,Outros,"23,80",6943,"0,10","0,39","1,64","4,19","8,55","0,55","0,70","0,71","1,64","-15,61","-15,28","-20,52"," 539.662.846,39"," 73,76","0,32","0,14","-1,05","-0,92","-0,52","46,00","0,00",4
VINO11,Lajes Corporativas,"40,07",18202,"0,31","0,80","2,24","4,33","8,58","0,75","0,72","0,71","2,24","-8,19","-7,46","-9,50"," 904.680.861,58"," 54,61","0,73","0,57","-0,34","0,22","0,79","4,20",N/A,9
BARI11,Títulos e Val. Mob.,"77,05",5176,"0,90","1,17","3,23","6,26","13,97","1,08","1,04","1,16","3,23","-8,15","-7,07","-12,79"," 443.249.200,01"," 95,65","0,81","0,94","0,47","1,41","2,37",N/A,N/A,0
JGPX11,Híbrido,"95,82",1744,"1,40","1,47","4,00","7,68","14,81","1,33","1,28","1,23","4,00","-1,14","0,31","2,18"," 81.580.020,93"," 96,19","1,00","1,17","-0,01","1,17","1,17",N/A,N/A,0
RBIR11,Residencial,"63,68",291,"0,46","0,76","0,00","0,00","0,00","0,00","0,00","0,00","0,76","0,00","0,76","0,76"," 145.499.599,99"," 95,18","0,67",N/A,N/A,N/A,N/A,N/A,N/A,0
RBTS11,Outros,"1.121,00",2,"30,64","0,00","0,00","0,00","0,00","0,00","0,00","0,00",N/A,"0,00","0,00","0,44"," 61.943.113,63"," 1.095,85","1,02","0,46","0,00","0,46","0,46",N/A,N/A,0
CBOP11,Lajes Corporativas,"36,01",106,"0,12","0,33","0,87","4,79","10,51","0,29","0,80","0,88","0,87","-15,61","-15,33","-20,31"," 104.576.322,61"," 73,91","0,49","0,16","0,05","0,21","0,38","33,59","30,79",1
GESE11B,Outros,"1.520,00",3,"14,74","0,00","0,00","0,00","0,00","0,00","0,00","0,00",N/A,"0,00","0,00","0,00"," 92.165.204,01"," 1.772,41","0,86","0,78","0,00","0,78","0,78",N/A,N/A,0
BICE11,Títulos e Val. Mob.,"998,00",7,"10,00","1,00","4,16","7,11","0,00","1,39","1,18","0,00","4,16","2,46","3,49","5,59"," 69.077.664,12"," 969,13","1,03","1,30","-0,22","1,08","3,00",N/A,N/A,0
CXCE11B,Outros,"39,74",431,"0,42","1,08","3,11","6,23","11,69","1,04","1,04","0,97","3,11","-3,38","-2,34","-1,91"," 111.628.383,84"," 65,17","0,61","0,64","-0,68","-0,04","0,59","0,00",N/A,1
RBFF11,Títulos e Val. Mob.,"47,35",4344,"0,49","1,05","2,98","5,83","11,33","0,99","0,97","0,94","2,98","-8,28","-7,32","-5,24"," 239.928.753,34"," 63,99","0,74","0,80","-4,94","-4,19","6,43",N/A,N/A,0
FIGS11,Shoppings,"45,91",2072,"0,39","0,85","2,47","4,79","9,15","0,82","0,80","0,76","2,47","-3,45","-2,63","-2,77"," 217.491.762,45"," 76,31","0,60","0,51","-0,01","0,50","1,02","13,70",N/A,2
SDIL11,Logística,"87,00",14252,"0,83","0,95","2,77","5,35","10,35","0,92","0,89","0,86","2,77","-2,39","-1,47","-2,39"," 622.198.909,53"," 97,29","0,89","0,85","-0,28","0,57","1,42","2,60",N/A,5
PQAG11,Logística,"50,00",251,"0,44","0,86","2,51","4,90","9,24","0,84","0,82","0,77","2,51","-3,79","-2,96","-3,17"," 801.309.157,36"," 57,27","0,87","0,77","0,06","0,82","1,60","0,00",N/A,1
FVPQ11,Shoppings,"92,46",81,"0,82","0,93","2,79","4,50","8,17","0,93","0,75","0,68","2,79","-10,89","-10,06","-10,46"," 536.413.763,21"," 191,57","0,48","0,32","0,05","0,38","1,03","5,50",N/A,1
HGCR11,Títulos e Val. Mob.,"102,39",30587,"1,20","1,19","3,54","7,07","13,99","1,18","1,18","1,17","3,54","-0,85","0,33","2,03"," 1.568.178.886,78"," 101,71","1,01","1,18","1,06","2,25","3,47",N/A,N/A,0
HGPO11,Lajes Corporativas,"238,00",3337,"1,60","0,65","1,92","3,77","7,15","0,64","0,63","0,60","1,92","-1,04","-0,40","-2,61"," 524.636.581,29"," 299,27","0,80","0,53","-0,03","0,50","1,04","4,99","2,72",2
BLMO11,Lajes Corporativas,"20.999,00",1,"50,00","0,24","0,48","0,61","1,24","0,16","0,10","0,10","0,48","0,00","0,23","0,47"," 126.937.662,78"," 33.431,04","0,63","0,15","0,13","0,28","0,40","0,00",N/A,1
BTSG11,Híbrido,"101,00",81,"0,87","0,00","0,00","0,00","0,00","0,00","0,00","0,00",N/A,"0,00","0,00","0,00"," 106.708.130,99"," 137,69","0,73","0,63","0,00","0,64","1,91",N/A,N/A,0
VLOL11,Lajes Corporativas,"94,01",1561,"0,10","0,11","1,38","3,17","6,69","0,46","0,53","0,56","1,38","-2,64","-2,53","-4,30"," 198.706.747,67"," 111,33","0,84","0,55","0,00","0,55","0,55","0,00",N/A,1
BBFO11,Títulos e Val. Mob.,"62,00",1514,"0,69","1,09","3,35","6,04","12,60","1,12","1,01","1,05","3,35","-4,26","-3,21","-1,87"," 301.826.276,48"," 75,38","0,82","0,92","-3,27","-2,39","-2,07",N/A,N/A,0
NVHO11,Hospital,"12,00",102,"0,09","0,71","2,24","4,71","8,98","0,75","0,79","0,75","2,24","11,63","12,42","11,56"," 579.484.343,88"," 13,97","0,86","0,60","0,04","0,64","1,24",N/A,N/A,1
RNDP11,Títulos e Val. Mob.,"118,00",5,"0,74","0,62","1,36","3,22","9,14","0,45","0,54","0,76","1,36","-24,22","-23,75","-21,94"," 19.898.467,22"," 185,13","0,64","0,18","-3,93","-3,76","-3,35",N/A,N/A,0
HCHG11,Outros,"79,00",328,"1,00","1,18","3,56","7,00","13,61","1,19","1,17","1,13","3,56","-0,73","0,45","5,84"," 120.537.373,66"," 100,45","0,79","1,00","-0,97","0,02","1,00",N/A,N/A,0
KNRI11,Híbrido,"143,00",2099,"0,95","0,69","2,03","4,01","7,76","0,68","0,67","0,65","2,03","0,26","0,95","0,49"," 3.865.366.045,72"," 160,01","0,89","0,59","0,08","0,67","1,24","2,00","6,72",20
PLOG11,Logística,"68,51",1533,"0,70","1,01","3,10","6,06","12,19","1,03","1,01","1,02","3,10","-3,36","-2,38","-1,39"," 79.701.531,09"," 106,27","0,64","0,71","-0,08","0,62","1,33","20,40",N/A,1
RBRD11,Híbrido,"33,55",438,"0,32","0,98","2,85","5,21","9,95","0,95","0,87","0,83","2,85","-3,41","-2,46","-4,00"," 122.078.777,33"," 65,92","0,51","0,49","-0,56","-0,08","0,40","15,52",N/A,4
TGAR11,Outros,"108,66",30825,"1,34","1,21","3,46","7,01","14,70","1,15","1,17","1,23","3,46","-1,84","-0,65","-3,36"," 1.801.084.399,11"," 130,66","0,83","1,00","-1,13","-0,14","0,84",N/A,N/A,0
HBRH11,Híbrido,"92,60",144,"0,62","0,68","2,06","4,15","8,75","0,69","0,69","0,73","2,06","0,17","0,84","5,49"," 311.221.960,40"," 112,27","0,82","0,54","-0,82","-0,28","0,27",N/A,N/A,3
VOTS11,Títulos e Val. Mob.,"85,28",83,"1,16","1,36","3,97","7,31","14,98","1,32","1,22","1,25","3,97","4,52","5,94","4,08"," 77.772.057,19"," 93,94","0,91","1,23","0,92","2,16","4,55",N/A,N/A,0
PLRI11,Títulos e Val. Mob.,"21,17",57,"0,11","0,49","1,57","3,49","7,54","0,52","0,58","0,63","1,57","-6,60","-6,14","-8,47"," 30.905.371,98"," 32,39","0,65","0,48","0,38","0,85","1,20",N/A,N/A,0
IDFI11,Híbrido,"49,98",101,"0,56","1,12","2,25","3,69","11,54","0,75","0,62","0,96","2,25","-7,95","-6,92","-7,03"," 114.073.776,01"," 55,43","0,90","0,21","0,00","0,21","0,21",N/A,N/A,0
VTLT11,Logística,"90,28",1047,"0,88","1,00","2,95","5,57","10,94","0,98","0,93","0,91","2,95","-0,32","0,68","-2,76"," 213.498.044,14"," 100,94","0,89","0,87","0,05","0,92","2,87","0,00","0,00",1
RBRS11,Híbrido,"50,80",38,"0,40","0,80","2,29","4,75","9,25","0,76","0,79","0,77","2,29","-6,04","-5,28","-13,17"," 163.150.275,68"," 94,07","0,54","0,43","-0,01","0,42","0,88",N/A,N/A,0
TEPP11,Lajes Corporativas,"70,64",5631,"0,51","0,75","2,21","4,26","8,27","0,74","0,71","0,69","2,21","1,04","1,81","0,31"," 403.577.910,00"," 95,59","0,74","0,52","0,03","0,55","1,07","9,06","18,03",5
PATC11,Lajes Corporativas,"64,00",375,"0,27","0,43","1,08","6,22","18,11","0,36","1,04","1,51","1,08","-6,41","-6,01","-6,78"," 264.876.923,19"," 76,17","0,84","0,29","-0,43","-0,14","0,15","21,90","18,90",6
APTO11,Híbrido,"8,65",2633,"0,10","1,19","3,57","6,83","13,98","1,19","1,14","1,16","3,57","3,07","4,30","-0,08"," 40.016.553,54"," 9,97","0,87","1,00","0,21","1,21","2,23",N/A,N/A,0
LSAG11,,"106,84",209,"1,68","1,59","4,10","6,65","0,00","1,37","1,11","0,00","4,10","-0,95","0,63","2,57",N/A,N/A,N/A,N/A,N/A,N/A,N/A,N/A,N/A,0
KNIP11,Títulos e Val. Mob.,"90,55",74102,"1,05","1,16","3,27","5,16","12,03","1,09","0,86","1,00","3,27","-0,88","0,27","3,04"," 7.561.313.450,45"," 94,42","0,96","0,96","0,69","1,66","2,74",N/A,N/A,0
NEWU11,Lajes Corporativas,"69,58",99,"0,14","0,20","0,59","1,05","1,67","0,20","0,18","0,14","0,59","12,42","12,65","60,07"," 51.090.146,79"," 68,85","1,01","0,15","0,09","0,23","0,38","63,20",N/A,3
KNCR11,Títulos e Val. Mob.,"96,81",101107,"1,22","1,27","3,49","6,91","13,77","1,16","1,15","1,15","3,49","-3,26","-2,03","0,38"," 5.753.029.617,95"," 100,76","0,96","0,99","0,02","1,01","2,21",N/A,N/A,0
JSAF11,Títulos e Val. Mob.,"81,36",5346,"0,93","1,18","3,50","6,73","13,32","1,17","1,12","1,11","3,50","-1,23","-0,06","1,87"," 143.602.322,75"," 91,29","0,89","1,02","-0,59","0,42","1,44",N/A,N/A,0
PLCA11,,"88,00",425,"1,12","1,29","3,59","5,87","0,00","1,20","0,98","0,00","3,59","-9,64","-8,47","-5,36",N/A,N/A,N/A,N/A,N/A,N/A,N/A,N/A,N/A,0
SHPH11,Shoppings,"639,99",144,"3,40","0,51","1,49","2,78","5,66","0,50","0,46","0,47","1,49","1,37","1,89","-8,30"," 545.106.402,78"," 895,16","0,71","0,38","0,11","0,49","0,49","10,80",N/A,1
VILG11,Logística,"89,14",19798,"0,65","0,77","2,10","4,16","8,40","0,70","0,69","0,70","2,10","-3,23","-2,48","-8,10"," 1.677.627.497,04"," 111,86","0,80","0,47","-0,17","0,30","0,90","0,00",N/A,16
RBED11,Outros,"120,54",939,"1,26","1,04","3,12","6,13","11,86","1,04","1,02","0,99","3,12","-1,50","-0,47","3,71"," 336.524.619,16"," 144,28","0,84","0,87","-0,02","0,85","1,73","0,00",N/A,5
AAZQ11,,"9,38",62901,"0,15","1,58","0,00","0,00","0,00","0,00","0,00","0,00","4,48","-1,45","0,10","2,28"," 231.064.980,16"," 9,61","0,98","1,35","0,00","1,35","1,35",N/A,N/A,0
HSLG11,Logística,"77,08",4833,"0,72","0,97","2,73","5,05","9,54","0,91","0,84","0,80","2,73","-8,52","-7,63","-5,24"," 1.322.434.765,50"," 104,46","0,74","0,69","-0,28","0,40","1,65","1,10",N/A,5
HSAF11,Títulos e Val. Mob.,"76,25",3768,"0,95","1,24","3,52","6,44","13,67","1,17","1,07","1,14","3,52","-2,18","-0,97","0,17"," 229.952.016,90"," 91,02","0,84","1,04","0,15","1,20","3,00",N/A,N/A,0
GTWR11,Lajes Corporativas,"76,49",26143,"0,79","1,06","3,19","6,00","11,89","1,06","1,00","0,99","3,19","0,15","1,21","3,36"," 1.138.967.684,57"," 94,91","0,81","0,83","0,15","0,98","2,71","0,00","0,00",1
MFII11,Híbrido,"87,03",4459,"1,11","1,24","3,54","7,02","13,79","1,18","1,17","1,15","3,54","-5,44","-4,26","-4,72"," 428.571.521,51"," 103,35","0,84","1,08","-2,30","-1,24","-1,24",N/A,N/A,9
RBVO11,Outros,"8,91",22,"0,01","0,11","0,43","0,92","2,52","0,14","0,15","0,21","0,43","-4,56","-4,46","-7,87"," 8.867.875,26"," 17,19","0,52","0,12","0,45","0,57","0,63",N/A,N/A,0
HOFC11,Lajes Corporativas,"24,98",998,"0,20","0,80","0,80","2,30","7,29","0,27","0,38","0,61","0,80","0,00","0,80","0,80"," 340.546.561,95"," 90,12","0,28","0,12","-0,45","-0,32","-0,20","46,00","50,00",4
SARE11,Híbrido,"55,93",17218,"0,62","1,12","3,22","5,92","11,18","1,07","0,99","0,93","3,22","-9,38","-8,36","-5,28"," 868.018.151,97"," 94,00","0,60","0,67","-0,12","0,55","1,23","6,20",N/A,3
CXCO11,Lajes Corporativas,"68,28",1632,"0,74","1,07","2,82","5,80","11,46","0,94","0,97","0,96","2,82","-1,60","-0,54","-0,94"," 390.084.283,30"," 99,40","0,69","0,51","0,06","0,57","1,31",N/A,N/A,0
XPSF11,Outros,"6,71",58355,"0,08","1,10","3,21","6,30","12,11","1,07","1,05","1,01","3,21","-0,86","0,23","-1,44"," 349.182.381,89"," 8,06","0,83","0,94","-5,58","-4,69","-4,69",N/A,N/A,0
HREC11,Títulos e Val. Mob.,"75,47",752,"0,90","1,19","3,49","6,80","13,44","1,16","1,13","1,12","3,49","-1,84","-0,67","-0,88"," 458.136.553,10"," 88,84","0,85","1,01","0,49","1,50","2,54",N/A,N/A,0
VCRI11,,"7,94",17032,"0,11","1,39","3,92","7,94","0,00","1,31","1,32","0,00","3,92","-7,83","-6,54","-7,41"," 168.716.555,85"," 9,49","0,84","1,16","0,26","1,43","2,60",N/A,N/A,0
KCRE11,Renda,"89,33",3004,"1,35","1,52","3,65","5,27","0,00","1,22","0,88","0,00","3,65","-4,97","-3,53","2,54"," 352.269.873,70"," 97,85","0,91","0,89","0,40","1,30","2,42",N/A,N/A,0
CYCR11,Títulos e Val. Mob.,"8,05",14562,"0,10","1,26","3,61","7,27","14,39","1,20","1,21","1,20","3,61","-2,70","-1,47","-2,84"," 156.698.165,40"," 9,60","0,84","1,04","-89,90","-89,79","-89,79",N/A,N/A,0
RDPD11,Títulos e Val. Mob.,"23,35",22605,"0,39","1,67","4,26","7,80","14,69","1,42","1,30","1,22","4,26","-13,70","-12,26","-13,13"," 27.775.234,59"," 25,76","0,91","1,51","-7,66","-6,26","-5,07",N/A,N/A,0
HTMX11,Hotel,"106,90",3332,"0,63","0,61","1,85","4,89","7,26","0,62","0,81","0,60","1,85","-2,25","-1,66","-7,10"," 211.128.423,78"," 140,35","0,76",N/A,N/A,N/A,N/A,"65,00",N/A,23
XPCA11,Títulos e Val. Mob.,"9,78",118002,"0,15","1,54","4,16","8,18","16,30","1,39","1,36","1,36","4,16","-2,41","-0,90","2,12"," 297.830.419,39"," 9,49","1,03","1,37","-0,03","1,34","1,34",N/A,N/A,0
URPR11,Outros,"88,32",42916,"1,33","1,44","3,99","7,43","16,56","1,33","1,24","1,38","3,99","-7,06","-5,72","-5,14"," 1.159.729.550,73"," 99,33","0,89","1,31","0,27","1,59","2,87",N/A,N/A,0
HUSC11,Outros,"102,00",1,"0,86","0,82","2,48","4,18","9,56","0,83","0,70","0,80","2,48","2,25","3,09","2,45"," 116.361.286,88"," 146,44","0,70","0,58","-0,22","0,36","0,95",N/A,N/A,0
NVIF11B,Outros,N/A,N/A,"0,44","0,00","0,00","0,00","0,00","0,00","0,00","0,00",N/A,"0,00","0,00","0,00"," 109.115.040,53"," 323,40",N/A,"0,14","1,85","1,99","2,13",N/A,N/A,0
LVBI11,Logística,"96,00",10217,"0,75","0,80","2,33","4,46","8,81","0,78","0,74","0,73","2,33","-2,83","-2,05","-1,49"," 1.360.113.106,61"," 115,51","0,83","0,65","-0,03","0,62","4,47","0,50","0,00",10
JPPA11,Títulos e Val. Mob.,"90,95",6219,"1,40","1,44","4,14","8,25","18,59","1,38","1,37","1,55","4,14","-5,10","-3,74","-2,64"," 88.466.602,64"," 97,86","0,93","1,43","0,01","1,44","2,89",N/A,N/A,0
QAMI11,Híbrido,"74,99",37,"0,85","1,09","3,40","6,44","14,04","1,13","1,07","1,17","3,40","-2,06","-0,99","-0,71"," 73.333.958,70"," 91,51","0,82","0,87","-1,61","-0,75","10,69",N/A,N/A,0
OUJP11,Títulos e Val. Mob.,"90,26",7324,"1,25","1,38","3,92","7,70","16,08","1,31","1,28","1,34","3,92","-8,25","-6,99","-3,85"," 324.677.302,55"," 99,83","0,90","1,25","0,04","1,29","2,56",N/A,N/A,0
EVBI11,Híbrido,"93,95",128,"0,75","0,83","2,42","4,75","9,39","0,81","0,79","0,78","2,42","-3,72","-2,93","-1,37"," 167.003.499,89"," 99,81","0,94","0,75","-0,03","0,72","1,48","0,00",N/A,4
HGRE11,Lajes Corporativas,"115,50",10574,"0,78","0,72","2,09","4,15","7,70","0,70","0,69","0,64","2,09","-5,16","-4,47","-3,14"," 1.853.864.603,15"," 156,87","0,74","0,50","-0,08","0,41","1,42","27,13","29,17",21
NSLU11,Hospital,"164,01",724,"1,54","0,96","2,81","5,48","9,46","0,94","0,91","0,79","2,81","-2,80","-1,88","0,29"," 251.911.778,36"," 194,78","0,84","0,77","0,05","0,82","3,11","0,00",N/A,1
KFOF11,Títulos e Val. Mob.,"74,30",12222,"0,72","0,93","2,79","5,39","10,48","0,93","0,90","0,87","2,79","-0,54","0,38","4,18"," 395.987.915,10"," 87,35","0,85","0,82","-0,90","-0,08","0,73",N/A,N/A,0
HSML11,Shoppings,"80,06",26578,"0,74","0,93","2,75","5,20","9,87","0,92","0,87","0,82","2,75","0,72","1,66","1,95"," 1.515.549.038,62"," 96,04","0,83","0,77","-0,38","0,39","1,12","4,50",N/A,6
ITIT11,Títulos e Val. Mob.,"72,46",885,"0,56","0,76","2,40","4,55","9,16","0,80","0,76","0,76","2,40","-1,95","-1,20","-2,51"," 67.150.606,57"," 74,57","0,97","0,78","-1,96","-1,20","-0,34",N/A,N/A,0
PORD11,Títulos e Val. Mob.,"82,81",4281,"1,00","1,22","3,64","6,58","15,01","1,21","1,10","1,25","3,64","-7,10","-5,96","-7,37"," 365.459.831,04"," 98,02","0,84","1,07","0,53","1,60","2,77",N/A,N/A,0
BRCO11,Logística,"95,86",16001,"0,62","0,65","1,96","3,94","7,93","0,65","0,66","0,66","1,96","2,93","3,59","1,75"," 1.793.830.856,25"," 121,38","0,79","0,51","-0,05","0,46","0,97","0,00","0,00",10
BNFS11,Outros,"111,32",2,"1,46","1,31","3,49","7,20","14,48","1,16","1,20","1,21","3,49","-7,94","-6,74","-5,72"," 63.975.331,10"," 91,39","1,22","1,45","0,00","1,45","1,45","0,00",N/A,18
ABCP11,Shoppings,"64,39",332,"0,50","0,78","2,31","4,55","9,20","0,77","0,76","0,77","2,31","-0,82","-0,05","-1,46"," 431.490.855,55"," 91,63","0,70","0,55","0,13","0,68","1,23","7,50",N/A,1
PQDP11,Shoppings,"1.740,00",86,"25,60","1,51","2,86","5,24","9,62","0,95","0,87","0,80","2,86","-17,37","-16,13","-14,36"," 813.718.968,26"," 3.314,36","0,52","0,50","0,07","0,57","1,70","3,60",N/A,1
BBFI11B,Lajes Corporativas,"1.415,00",118,"27,09","1,91","4,50","8,69","16,91","1,50","1,45","1,41","4,50","-32,00","-30,70","-29,20"," 373.514.821,67"," 2.873,19","0,49","0,94","0,04","0,98","1,93","39,11",N/A,2
BBPO11,Lajes Corporativas,"85,29",1497,"0,90","1,08","3,22","6,32","12,71","1,07","1,05","1,06","3,22","1,60","2,71","-1,27"," 1.604.588.209,79"," 100,79","0,85","0,89","0,04","0,93","1,83","0,00","0,00",64
BBIM11,Títulos e Val. Mob.,N/A,N/A,"0,15","0,00","0,00","0,00","0,00","0,00","0,00","0,00",N/A,"0,00","0,00","0,00"," 31.366.206,76"," 30,31",N/A,"0,49","1,47","1,97","2,48",N/A,N/A,0
HAAA11,Lajes Corporativas,"60,50",81,"0,43","0,67","1,93","3,94","7,60","0,64","0,66","0,63","1,93","-8,44","-7,83","-18,21"," 307.889.953,82"," 89,11","0,68","0,53","-0,18","0,34","0,87","17,00",N/A,1
ITIP11,Títulos e Val. Mob.,"71,47",489,"0,81","1,12","3,36","6,10","13,28","1,12","1,02","1,11","3,36","-5,59","-4,53","-3,31"," 58.916.480,43"," 78,75","0,91","1,12","-1,08","0,02","1,09",N/A,N/A,0
RSPD11,Residencial,"10,02",103,"20,13","0,00","0,00","0,00","0,00","0,00","0,00","0,00",N/A,"0,00","0,00","0,00"," 171.070.236,81"," 1.148,04","0,01","0,63","0,00","0,63","0,63",N/A,N/A,0
RSPD11,Residencial,"10,02",20507,"20,13","0,00","0,00","0,00","0,00","0,00","0,00","0,00",N/A,"0,00","0,00","0,00"," 171.070.236,81"," 1.148,04","0,01","0,63","0,00","0,63","0,63",N/A,N/A,0
RSPD11,Residencial,"10,02",22773,"20,13","0,00","0,00","0,00","0,00","0,00","0,00","0,00",N/A,"0,00","0,00","0,00"," 171.070.236,81"," 1.148,04","0,01","0,63","0,00","0,63","0,63",N/A,N/A,0
RSPD11,Residencial,"10,03",42904,"20,13","0,00","0,00","0,00","0,00","0,00","0,00","0,00",N/A,"0,00","0,00","0,00"," 171.070.236,81"," 1.148,04","0,01","0,63","0,00","0,63","0,63",N/A,N/A,0
RSPD11,Residencial,"10,03",45627,"20,13","0,00","0,00","0,00","0,00","0,00","0,00","0,00",N/A,"0,00","0,00","0,00"," 171.070.236,81"," 1.148,04","0,01","0,63","0,00","0,63","0,63",N/A,N/A,0
RSPD11,Residencial,"10,03",25802,"20,13","0,00","0,00","0,00","0,00","0,00","0,00","0,00",N/A,"0,00","0,00","0,00"," 171.070.236,81"," 1.148,04","0,01","0,63","0,00","0,63","0,63",N/A,N/A,0
RSPD11,Residencial,"10,03",3196,"20,13","0,00","0,00","0,00","0,00","0,00","0,00","0,00",N/A,"0,00","0,00","0,00"," 171.070.236,81"," 1.148,04","0,01","0,63","0,00","0,63","0,63",N/A,N/A,0
RSPD11,Residencial,"10,05",31636,"20,13","0,00","0,00","0,00","0,00","0,00","0,00","0,00",N/A,"0,00","0,00","0,00"," 171.070.236,81"," 1.148,04","0,01","0,63","0,00","0,63","0,63",N/A,N/A,0
RSPD11,Residencial,"10,03",44516,"20,13","0,00","0,00","0,00","0,00","0,00","0,00","0,00",N/A,"0,00","0,00","0,00"," 171.070.236,81"," 1.148,04","0,01","0,63","0,00","0,63","0,63",N/A,N/A,0
PATL11,Híbrido,"60,17",6184,"0,60","0,97","2,79","5,13","9,65","0,93","0,85","0,80","2,79","-1,42","-0,46","-6,88"," 488.738.384,39"," 97,91","0,61","0,61","-0,11","0,50","1,10","0,00","0,00",4
EURO11,Logística,"225,00",374,"1,87","0,82","2,38","4,91","9,59","0,79","0,82","0,80","2,38","-4,43","-3,65","-1,96"," 124.828.841,27"," 325,13","0,69","0,58","-0,01","0,57","1,15","0,00",N/A,6
KNSC11,Títulos e Val. Mob.,"84,72",17152,"1,05","1,24","3,43","5,99","12,17","1,14","1,00","1,01","3,43","-2,61","-1,39","-0,52"," 1.172.318.046,98"," 88,30","0,96","0,99","0,28","1,27","2,47",N/A,N/A,0
HGBS11,Shoppings,"188,60",5145,"1,40","0,78","2,31","4,43","8,58","0,77","0,74","0,71","2,31","-0,96","-0,19","0,04"," 2.191.808.465,20"," 219,18","0,86","0,64","-1,00","-0,37","0,26","6,50",N/A,17
BBGO11,Títulos e Val. Mob.,"79,35",1906,"1,20","1,53","3,70","6,97","11,98","1,23","1,16","1,00","3,70","-1,72","-0,21","0,76"," 393.431.665,56"," 98,23","0,81","1,22","0,51","1,73","3,30",N/A,N/A,0
FIIB11,Híbrido,"450,00",766,"3,25","0,75","2,20","4,66","9,20","0,73","0,78","0,77","2,20","-2,70","-1,97","-2,08"," 315.582.209,62"," 460,70","0,98","0,71","0,05","0,75","1,47","6,28",N/A,1
GALG11,Híbrido,"8,14",297707,"0,08","1,01","2,85","5,45","10,59","0,95","0,91","0,88","2,85","-5,90","-4,95","-7,68"," 534.297.795,23"," 9,29","0,88","0,88","-0,26","0,62","1,49","0,00","0,00",6
VCJR11,Títulos e Val. Mob.,"85,26",18774,"1,20","1,39","3,65","5,51","12,08","1,22","0,92","1,01","3,65","-2,41","-1,06","-0,91"," 1.396.278.559,99"," 94,83","0,90","1,00","0,51","1,52","2,68",N/A,N/A,0
FLRP11,Shoppings,"1.650,00",5,"13,00","0,76","2,39","4,28","8,98","0,80","0,71","0,75","2,39","4,94","5,74","9,84"," 119.319.058,57"," 1.829,15","0,90","0,71","0,13","0,84","1,56","2,01",N/A,1
WPLZ11,Shoppings,"62,99",3,"0,45","0,71","1,96","4,03","7,36","0,65","0,67","0,61","1,96","-7,09","-6,44","-14,17"," 89.510.284,16"," 87,69","0,72","0,51","-0,16","0,35","0,87","11,00",N/A,1
HGLG11,Logística,"159,68",31554,"1,10","0,69","2,05","4,72","10,02","0,68","0,79","0,84","2,05","-1,24","-0,56","0,42"," 3.577.143.616,90"," 152,50","1,05","0,72","-0,47","0,25","0,97","6,90","6,50",17
VIFI11,Títulos e Val. Mob.,"6,62",2079,"0,07","1,01","2,90","5,46","10,48","0,97","0,91","0,87","2,90","-4,72","-3,76","-3,91"," 68.278.638,09"," 8,44","0,78","0,77","-0,98","-0,22","0,08",N/A,N/A,0
MXRF11,Híbrido,"10,34",503011,"0,12","1,17","3,42","6,19","12,71","1,14","1,03","1,06","3,42","0,49","1,66","4,79"," 2.284.497.771,46"," 10,11","1,02",N/A,N/A,N/A,N/A,N/A,N/A,0
KNCA11,Títulos e Val. Mob.,"103,40",15289,"1,40","1,35","3,54","7,50","14,81","1,18","1,25","1,23","3,54","-2,72","-1,40","-2,04"," 1.434.116.115,79"," 101,71","1,02","1,06","-0,36","0,70","1,98",N/A,N/A,0
KISU11,Títulos e Val. Mob.,"7,58",90225,"0,07","0,91","2,78","5,71","11,51","0,93","0,95","0,96","2,78","-3,27","-2,39","-2,40"," 369.848.082,31"," 8,37","0,91","0,90","-1,58","-0,70","0,18",N/A,N/A,0
TRXF11,Outros,"103,25",16892,"0,85","0,83","2,46","5,19","10,30","0,82","0,87","0,86","2,46","-1,83","-1,01","-0,26"," 1.236.662.707,13"," 103,12","1,00","0,82","-1,12","-0,30","0,51","0,00",N/A,44
HPDP11,Shoppings,"71,00",5,"0,45","0,63","1,86","3,60","6,93","0,62","0,60","0,58","1,86","0,55","1,19","-6,06"," 259.612.689,10"," 89,25","0,80","0,50","0,15","0,66","1,16","2,00",N/A,1
HFOF11,Títulos e Val. Mob.,"65,80",25197,"0,63","0,98","2,89","5,44","10,39","0,96","0,91","0,87","2,89","-1,56","-0,60","-0,65"," 1.769.007.331,90"," 76,87","0,86","0,82","-3,28","-2,49","-1,71",N/A,N/A,0
HOSI11,Híbrido,"56,39",17,"0,39","0,68","2,04","6,37","9,87","0,68","1,06","0,82","2,04","-6,29","-5,65","-9,01"," 53.221.116,38"," 92,81","0,61","0,45","0,25","0,70","1,18",N/A,N/A,2
JSRE11,Híbrido,"61,77",21939,"0,46","0,74","2,19","4,10","7,79","0,73","0,68","0,65","2,19","-8,28","-7,60","-1,70"," 2.341.749.373,70"," 112,76","0,55","0,41","-0,05","0,36","0,79","14,80","13,40",5
HGFF11,Títulos e Val. Mob.,"70,92",10245,"0,65","0,93","2,76","5,32","10,38","0,92","0,89","0,86","2,76","-1,66","-0,74","-0,74"," 238.937.080,44"," 83,44","0,85","0,78","-1,34","-0,57","0,19",N/A,N/A,0
VSHO11,Shoppings,"63,56",521,"0,69","1,12","3,15","5,57","10,19","1,05","0,93","0,85","3,15","-3,37","-2,28","-2,31"," 210.498.623,36"," 100,29","0,63","0,69","-0,01","0,68","2,89","12,96",N/A,3
VISC11,Shoppings,"104,62",15665,"0,82","0,81","2,35","4,55","8,61","0,78","0,76","0,72","2,35","-1,62","-0,82","-2,78"," 2.309.687.440,80"," 124,24","0,84","0,64","-0,08","0,56","1,23","8,30",N/A,15
AIEC11,Lajes Corporativas,"60,47",3209,"0,76","1,27","2,76","6,74","12,46","0,92","1,12","1,04","2,76","-2,70","-1,47","-7,45"," 454.619.127,52"," 94,22","0,64","0,19","0,00","0,19","0,19","0,00",N/A,2
VCRA11,Títulos e Valores Mobiliários,"100,00",5077,"1,50","1,48","3,79","6,51","0,00","1,26","1,08","0,00","3,79","-4,88","-3,47","-3,82"," 470.899.611,32"," 102,50","0,98","0,98","0,09","1,07","2,55",N/A,N/A,0
VRTA11,Títulos e Val. Mob.,"81,67",29688,"0,95","1,14","3,34","6,38","13,51","1,11","1,06","1,13","3,34","-6,74","-5,67","-1,06"," 1.419.458.078,02"," 91,04","0,90","1,04","0,25","1,30","2,41",N/A,N/A,0
HGIC11,Títulos e Val. Mob.,"89,10",184,"1,03","1,10","2,59","5,84","11,61","0,86","0,97","0,97","2,59","-6,46","-5,43","-6,22"," 53.391.265,10"," 115,39","0,77","0,57","0,00","0,57","0,57",N/A,N/A,0
CRFF11,Títulos e Val. Mob.,"60,72",299,"0,61","1,02","2,92","5,58","10,85","0,97","0,93","0,90","2,92","-6,38","-5,43","-3,21"," 55.899.806,48"," 81,01","0,75","0,75","-0,96","-0,21","0,53",N/A,N/A,0
QAGR11,Outros,"41,35",4158,"0,42","1,02","3,01","5,79","10,82","1,00","0,96","0,90","3,01","-2,66","-1,66","-0,34"," 281.473.386,20"," 55,85","0,74","0,73","-0,08","0,65","-1,68",N/A,N/A,12
RBLG11,Logística,"92,00",1,"0,88","0,96","2,83","5,54","11,04","0,94","0,92","0,92","2,83","-1,31","-0,36","-0,39"," 64.230.672,96"," 100,33","0,92","0,88","-1,10","-0,23","2,59","0,00",N/A,1
CXRI11,Híbrido,"61,80",104,"0,56","0,91","2,72","5,21","10,37","0,91","0,87","0,86","2,72","0,67","1,59","0,15"," 125.978.660,14"," 79,95","0,77","0,70","-0,60","0,09","0,79",N/A,N/A,0
GGRC11,Logística,"100,64",9332,"1,00","1,00","2,84","5,42","10,35","0,95","0,90","0,86","2,84","-4,07","-3,11","-0,63"," 1.012.610.974,87"," 124,49","0,81","0,76","-0,25","0,51","1,27","0,00","0,00",20
SNAG11,Títulos e Valores Mobiliários,"101,00",8748,"1,20","1,19","3,43","6,97","0,00","1,14","1,16","0,00","3,43","-0,10","1,09","3,06"," 300.917.926,62"," 100,31","1,01","1,06","-0,66","0,39","1,58",N/A,N/A,0
FGAA11,,"9,63",8198,"0,14","1,43","4,16","6,98","0,00","1,39","1,16","0,00","4,16","-1,21","0,20","3,69",N/A,N/A,N/A,N/A,N/A,N/A,N/A,N/A,N/A,0
OIAG11,,"10,66",68901,"0,15","1,38","4,62","7,49","0,00","1,54","1,25","0,00","4,62","1,78","3,19","10,07",N/A,N/A,N/A,N/A,N/A,N/A,N/A,N/A,N/A,0
RBIF11,Renda,"94,02",2,"0,34","0,34","0,34","0,00","0,00","0,11","0,00","0,00","0,34","0,00","0,34","0,34",N/A,N/A,N/A,N/A,N/A,N/A,N/A,N/A,N/A,0
GCRA11,Híbrido,"91,19",437,"1,27","1,34","3,92","7,65","15,70","1,31","1,27","1,31","3,92","-1,24","0,08","3,48"," 171.337.239,92"," 97,86","0,93","1,27","-0,18","1,08","2,34",N/A,N/A,0
DCRA11,Títulos e Valores Mobiliários,"8,62",24582,"0,12","1,38","3,91","6,53","0,00","1,30","1,09","0,00","3,91","-5,34","-4,03","-0,18",N/A,N/A,N/A,N/A,N/A,N/A,N/A,N/A,N/A,0
EGAF11,,"99,70",1195,"1,54","1,55","0,00","0,00","0,00","0,00","0,00","0,00","4,18","-2,18","-0,67","1,89",N/A,N/A,N/A,N/A,N/A,N/A,N/A,N/A,N/A,0
SEQR11,Outros,"59,32",1358,"0,69","1,16","3,46","6,64","12,69","1,15","1,11","1,06","3,46","-1,51","-0,36","2,41"," 150.446.499,47"," 93,53","0,63","0,74","0,04","0,77","1,52","0,00",N/A,0
ONEF11,Lajes Corporativas,"165,03",518,"0,98","0,58","1,71","3,35","6,75","0,57","0,56","0,56","1,71","-2,41","-1,84","-0,17"," 183.590.865,67"," 201,53","0,82","0,49","0,02","0,51","0,99","0,00",N/A,1
BLMG11,Logística,"61,36",4607,"0,76","1,24","3,54","6,63","12,45","1,18","1,10","1,04","3,54","-9,60","-8,48","-7,28"," 360.249.343,75"," 94,54","0,65","0,83","-0,39","0,43","1,27","0,00","0,00",4
FLCR11,Títulos e Val. Mob.,"92,80",1922,"1,20","1,28","3,62","6,59","14,63","1,21","1,10","1,22","3,62","-2,13","-0,88","1,40"," 62.240.022,77"," 98,23","0,94","1,17","-0,04","1,14","2,27",N/A,N/A,0
GTLG11,,"94,85",22,"0,70","0,74","2,18","4,32","8,54","0,73","0,72","0,71","2,18","-1,06","-0,33","-0,94"," 664.883.013,92"," 92,69","1,02","0,76","-0,87","-0,13","0,92",N/A,N/A,0
CXCI11,,"74,90",82,"0,83","1,10","3,28","6,50","0,00","1,09","1,08","0,00","3,28","-2,38","-1,31","4,00"," 186.004.058,68"," 90,39","0,83","0,92","-0,52","0,39","1,31",N/A,N/A,0
AGRX11,,"10,86",4689,"0,16","1,48","4,72","6,65","0,00","1,57","1,11","0,00","4,72","1,12","2,62","10,51",N/A,N/A,N/A,N/A,N/A,N/A,N/A,N/A,N/A,0
CCME11,Outros,N/A,N/A,"0,85","0,00","0,00","0,00","0,00","0,00","0,00","0,00",N/A,"0,00","0,00","0,00",N/A,N/A,N/A,N/A,N/A,N/A,N/A,N/A,N/A,0
RBRL11,Logística,"69,75",4022,"0,58","0,83","2,53","4,83","9,26","0,84","0,81","0,77","2,53","-4,84","-4,05","0,52"," 704.913.202,09"," 105,41","0,66","0,55","-0,62","-0,07","0,54","0,00","0,00",6
ERPA11,,"122,98",103,"0,72","0,59","1,70","3,37","0,00","0,57","0,56","0,00","1,70","-0,79","-0,21","4,23"," 68.656.083,51"," 137,06","0,90","0,51","0,00","0,51","0,51",N/A,N/A,0
CVBI11,Títulos e Val. Mob.,"84,59",20421,"1,05","1,23","3,60","6,36","13,17","1,20","1,06","1,10","3,60","-4,06","-2,88","-0,09"," 1.040.785.149,95"," 94,53","0,89","1,06","0,66","1,73","2,92",N/A,N/A,0
RCRB11,Lajes Corporativas,"110,00",3265,"0,74","0,68","1,97","3,76","6,95","0,66","0,63","0,58","1,97","-4,69","-4,05","-1,04"," 768.769.144,55"," 208,30","0,53","0,36","-0,08","0,27","0,62","28,40",N/A,10
BRCR11,Híbrido,"52,87",20887,"0,46","0,87","2,55","4,90","9,31","0,85","0,82","0,78","2,55","-6,57","-5,76","-0,32"," 2.673.022.814,44"," 100,35","0,53","0,50","0,15","0,65","-1,63","21,00","25,80",15
BMLC11,Lajes Corporativas,"104,32",6,"0,72","0,69","2,01","4,61","9,20","0,67","0,77","0,77","2,01","2,27","2,98","4,10"," 108.966.338,84"," 109,14","0,96","0,81","-0,05","0,76","4,10","7,00",N/A,2
FLMA11,Híbrido,"123,05",175,"0,85","0,69","1,96","4,26","8,54","0,65","0,71","0,71","1,96","1,19","1,89","-3,09"," 221.802.276,65"," 160,65","0,77","0,53","0,18","0,71","1,76","11,00",N/A,2
DVFF11,Híbrido,"62,25",287,"0,70","1,12","3,18","6,44","12,76","1,06","1,07","1,06","3,18","-9,14","-8,12","-4,83"," 96.973.773,60"," 88,09","0,71","0,79","-3,30","-2,54","-2,54",N/A,N/A,0
RECR11,Títulos e Val. Mob.,"76,34",5512,"1,26","1,64","3,88","6,27","13,18","1,29","1,04","1,10","3,88","-8,49","-6,99","-7,35"," 2.520.748.629,65"," 95,33","0,80","0,95","0,00","0,95","2,00",N/A,N/A,0
HCTR11,Outros,"52,51",85354,"0,50","0,93","2,93","6,22","13,92","0,98","1,04","1,16","2,93","-27,27","-26,59","-42,34"," 2.640.778.438,24"," 119,58","0,44","0,59","-0,81","-0,23","0,60",N/A,N/A,0
RECT11,Híbrido,"49,55",11565,"0,54","1,08","3,19","5,90","10,88","1,06","0,98","0,91","3,19","-2,53","-1,48","0,90"," 796.296.444,84"," 93,21","0,53","0,58","-0,23","0,35","0,93","15,10",N/A,8
CEOC11,Lajes Corporativas,"53,00",1994,"0,65","1,18","3,56","6,40","11,29","1,19","1,07","0,94","3,56","2,84","4,06","2,99"," 143.085.334,17"," 78,80","0,67",N/A,N/A,N/A,N/A,"0,00",N/A,1
BLCA11,Lajes Corporativas,"109,43",5,"0,57","0,52","1,69","3,54","6,77","0,56","0,59","0,56","1,69","-4,84","-4,35","29,39"," 228.125.530,48"," 142,58","0,77","0,40","0,00","0,40","0,40","0,00",N/A,1
DRIT11B,Lajes Corporativas,"88,99",15,"0,85","0,97","2,03","4,18","7,34","0,68","0,70","0,61","2,03","1,62","2,60","-12,58"," 61.244.986,20"," 132,20","0,67","0,34","-0,12","0,22","0,22","10,47",N/A,6
MGFF11,Títulos e Val. Mob.,"55,29",58136,"0,54","0,99","2,98","5,60","11,08","0,99","0,93","0,92","2,98","0,27","1,26","5,50"," 655.755.708,91"," 72,45","0,76","0,73","-6,10","-5,41","-2,96",N/A,N/A,0
CPFF11,Híbrido,"57,92",4827,"0,40","0,70","1,94","4,58","9,67","0,65","0,76","0,81","1,94","-1,57","-0,88","2,46"," 429.046.317,49"," 78,73","0,74","0,76","-2,56","-1,82","6,71",N/A,N/A,0
BCFF11,Títulos e Val. Mob.,"62,41",26128,"0,56","0,90","2,68","5,18","10,16","0,89","0,86","0,85","2,68","-1,68","-0,79","1,66"," 1.903.260.829,67"," 75,57","0,83","0,74","-3,03","-2,31","1,30",N/A,N/A,0
BLMR11,Títulos e Val. Mob.,"6,12",84989,"0,07","1,07","3,14","6,12","12,24","1,05","1,02","1,02","3,14","-1,61","-0,56","-0,58"," 191.253.303,93"," 7,49","0,82","0,87","-0,46","0,40","1,27",N/A,N/A,0
VSLH11,Outros,"4,84",139649,"0,03","0,61","2,89","6,22","13,35","0,96","1,04","1,11","2,89","-35,39","-35,00","-31,72"," 312.670.370,81"," 10,47","0,46","0,57","-0,12","0,45","1,50",N/A,N/A,0
FAED11,Outros,"142,00",797,"1,62","1,12","3,37","6,49","12,81","1,12","1,08","1,07","3,37","-1,31","-0,21","5,21"," 139.752.048,22"," 217,63","0,65",N/A,N/A,N/A,N/A,"0,00",N/A,3
BREV11,Híbrido,"91,00",6,"0,64","0,70","5,11","15,21","18,83","1,70","2,54","1,57","5,73","-11,30","-10,67","-6,48"," 113.444.241,78"," 117,29","0,78","0,55","-3,45","-2,92","-1,94","0,00",N/A,12
BIME11,,"6,71",5075,"0,09","1,34","3,47","5,61","14,26","1,16","0,94","1,19","3,47","-9,21","-7,99","-9,94"," 52.153.188,86"," 8,92","0,75","0,90","-0,25","0,64","1,54",N/A,N/A,0
MAXR11,Outros,"64,40",327,"0,74","1,14","2,54","5,17","10,18","0,85","0,86","0,85","2,54","2,97","4,14","13,63"," 139.022.535,82"," 123,50","0,52","0,26","0,00","0,26","0,26","2,80",N/A,8
DEVA11,Títulos e Val. Mob.,"52,25",53018,"0,70","1,33","3,73","6,57","13,91","1,24","1,10","1,16","3,73","-32,49","-31,60","-37,48"," 1.407.508.975,45"," 100,21","0,52","0,90","-0,94","-0,05","1,04",N/A,N/A,0
RBRP11,Outros,"44,30",15181,"0,27","0,61","1,79","3,39","7,97","0,60","0,56","0,66","1,79","-2,68","-2,08","-3,48"," 956.878.892,93"," 78,57","0,56","0,34","0,56","0,91","1,26","13,00","6,00",17
RVBI11,Títulos e Val. Mob.,"69,95",1286,"0,75","1,05","3,21","6,22","12,04","1,07","1,04","1,00","3,21","3,04","4,12","4,61"," 117.536.079,63"," 81,62","0,86","0,92","-1,04","-0,13","0,77",N/A,N/A,0
FISC11,Lajes Corporativas,"165,00",2,"0,40","0,00","0,00","0,00","0,00","0,00","0,00","0,00",N/A,"0,00","0,00","0,00"," 195.891.852,31"," 115,23","1,43","0,35","0,01","0,36","1,01",N/A,N/A,0
FATN11,Híbrido,"93,99",153,"0,83","0,88","2,62","5,39","10,62","0,87","0,90","0,89","2,62","-0,79","0,08","2,63"," 120.479.427,65"," 99,15","0,95","0,75","0,15","0,90","1,81","4,30",N/A,7
NCRI11,Títulos e Valores Mobiliários,"9,01",25,"0,11","1,22","0,00","0,00","0,00","0,00","0,00","0,00","2,39","-4,05","-2,88","-1,74"," 40.104.262,88"," 10,15","0,89","1,08","0,53","1,61","2,72",N/A,N/A,0
RBOP11,Outros,"421,00",121,"8,25","1,97","1,97","3,45","12,99","0,66","0,57","1,08","1,97","0,00","1,97","1,97"," 78.396.590,65"," 771,13","0,55","1,07","0,02","1,09","2,17","0,00",N/A,2
NCHB11,Títulos e Val. Mob.,"78,70",7788,"1,03","1,29","3,64","7,22","14,51","1,21","1,20","1,21","3,64","-6,58","-5,37","-4,78"," 145.806.912,83"," 90,18","0,87","1,11","-1,14","-0,04","3,18",N/A,N/A,0
RBRF11,Títulos e Val. Mob.,"64,61",36181,"0,63","0,98","2,92","5,64","10,75","0,97","0,94","0,90","2,92","0,97","1,95","1,77"," 1.130.629.129,06"," 82,64","0,78","0,76","-4,16","-3,43","0,80",N/A,N/A,0
IRDM11,Títulos e Val. Mob.,"78,25",88447,"0,91","1,16","3,28","5,81","12,86","1,09","0,97","1,07","3,28","-9,12","-8,06","-11,66"," 3.389.714.938,91"," 93,04","0,84","0,75","-1,77","-1,03","3,28",N/A,N/A,0
RBRY11,Títulos e Val. Mob.,"91,89",828,"1,25","1,36","3,84","7,13","14,40","1,28","1,19","1,20","3,84","-2,41","-1,08","0,07"," 553.436.918,69"," 99,78","0,92","1,15","0,00","1,15","1,15",N/A,N/A,0
SEQR11,Outros,"59,32",1358,"0,69","1,16","3,46","6,64","12,69","1,15","1,11","1,06","3,46","-1,56","-0,41","2,36"," 150.446.499,47"," 93,53","0,63","0,74","0,04","0,77","1,52","0,00",N/A,0
RBRR11,Títulos e Val. Mob.,"86,94",44216,"1,00","1,15","3,41","6,02","12,55","1,14","1,00","1,05","3,41","2,04","3,22","8,16"," 1.269.607.818,89"," 94,47","0,92","1,01","0,00","1,01","1,01",N/A,N/A,0
GAME11,Híbrido,"8,30",3644,"0,10","1,20","3,52","6,85","14,64","1,17","1,14","1,22","3,52","-3,49","-2,33","-0,86"," 213.869.218,74"," 9,86","0,84","1,01","0,23","1,25","1,25",N/A,N/A,0
IBCR11,Títulos e Val. Mob.,"70,01",7288,"0,80","1,14","3,66","6,48","14,45","1,22","1,08","1,20","3,66","-7,46","-6,40","-3,43"," 91.539.316,32"," 95,51","0,73","0,84","-0,91","-0,08","9,49",N/A,N/A,0
IRIM11,Híbrido,"84,48",606,"1,03","1,23","3,49","5,94","14,04","1,16","0,99","1,17","3,49","-5,27","-4,11","-3,38"," 186.681.888,44"," 97,23","0,87","0,74","-1,35","-0,62","2,72",N/A,N/A,0
